<?xml version="1.0" encoding="UTF-8"?>
<project-private xmlns="http://www.netbeans.org/ns/project-private/1">
    <editor-bookmarks xmlns="http://www.netbeans.org/ns/editor-bookmarks/2" lastBookmarkId="0"/>
    <open-files xmlns="http://www.netbeans.org/ns/projectui-open-files/2">
        <group>
            <file>file:/C:/Users/Sumanth/Documents/NetBeansProjects/BusReservation/src/busreservation/TicketGeneration.java</file>
            <file>file:/C:/Users/Sumanth/Documents/NetBeansProjects/BusReservation/src/busreservation/DeleteBusDetails.java</file>
            <file>file:/C:/Users/Sumanth/Documents/NetBeansProjects/BusReservation/src/busreservation/User.java</file>
            <file>file:/C:/Users/Sumanth/Documents/NetBeansProjects/BusReservation/src/busreservation/Admin.java</file>
            <file>file:/C:/Users/Sumanth/Documents/NetBeansProjects/BusReservation/src/busreservation/InterfaceScreen.java</file>
            <file>file:/C:/Users/Sumanth/Documents/NetBeansProjects/BusReservation/src/busreservation/EmployeeDetails.java</file>
            <file>file:/C:/Users/Sumanth/Documents/NetBeansProjects/BusReservation/src/busreservation/DeleteEmployeeDetails.java</file>
            <file>file:/C:/Users/Sumanth/Documents/NetBeansProjects/BusReservation/src/busreservation/Booking.java</file>
            <file>file:/C:/Users/Sumanth/Documents/NetBeansProjects/BusReservation/src/busreservation/AllBusDetails.java</file>
            <file>file:/C:/Users/Sumanth/Documents/NetBeansProjects/BusReservation/src/busreservation/newAdminEntry.java</file>
            <file>file:/C:/Users/Sumanth/Documents/NetBeansProjects/BusReservation/src/busreservation/AssignBus.java</file>
            <file>file:/C:/Users/Sumanth/Documents/NetBeansProjects/BusReservation/src/busreservation/bookingDetails.java</file>
            <file>file:/C:/Users/Sumanth/Documents/NetBeansProjects/BusReservation/src/busreservation/EditEmployeeDetails.java</file>
            <file>file:/C:/Users/Sumanth/Documents/NetBeansProjects/BusReservation/src/busreservation/AdminDetails.java</file>
            <file>file:/C:/Users/Sumanth/Documents/NetBeansProjects/BusReservation/src/busreservation/AllEmployeeDetails.java</file>
            <file>file:/C:/Users/Sumanth/Documents/NetBeansProjects/BusReservation/src/busreservation/editAdmin.java</file>
            <file>file:/C:/Users/Sumanth/Documents/NetBeansProjects/BusReservation/src/busreservation/userBooking.java</file>
            <file>file:/C:/Users/Sumanth/Documents/NetBeansProjects/BusReservation/src/busreservation/AdminControlPanel.java</file>
            <file>file:/C:/Users/Sumanth/Documents/NetBeansProjects/BusReservation/src/busreservation/EditBusDetails.java</file>
            <file>file:/C:/Users/Sumanth/Documents/NetBeansProjects/BusReservation/src/busreservation/AddBusDetails.java</file>
            <file>file:/C:/Users/Sumanth/Documents/NetBeansProjects/BusReservation/src/busreservation/BusReservation.java</file>
            <file>file:/C:/Users/Sumanth/Documents/NetBeansProjects/BusReservation/src/busreservation/NewUser.java</file>
            <file>file:/C:/Users/Sumanth/Documents/NetBeansProjects/BusReservation/src/busreservation/allBookingDetails.java</file>
            <file>file:/C:/Users/Sumanth/Documents/NetBeansProjects/BusReservation/src/busreservation/addBusBooking.java</file>
            <file>file:/C:/Users/Sumanth/Documents/NetBeansProjects/BusReservation/src/busreservation/UserControlPanel.java</file>
        </group>
    </open-files>
</project-private>
